{
  "project_info": {
    "project_number": "1044698337508",
    "firebase_url": "https://otpfirebaseproject-9d6bd.firebaseio.com",
    "project_id": "otpfirebaseproject-9d6bd",
    "storage_bucket": "otpfirebaseproject-9d6bd.appspot.com"
  },
  "client": [
    {
      "client_info": {
        "mobilesdk_app_id": "1:1044698337508:android:d9c02b968fe0e3dc2c5cf1",
        "android_client_info": {
          "package_name": "com.example.otp"
        }
      },
      "oauth_client": [
        {
          "client_id": "1044698337508-lrd6te39isp68o4hv79pv80oa7f9qh0b.apps.googleusercontent.com",
          "client_type": 1,
          "android_info": {
            "package_name": "com.example.otp",
            "certificate_hash": "2df16e73ebc51dcf2f6c66ccac611c7e9076125d"
          }
        },
        {
          "client_id": "1044698337508-898ej8nsnjv3gbslea0ikc8kbb71ufpc.apps.googleusercontent.com",
          "client_type": 3
        }
      ],
      "api_key": [
        {
          "current_key": "AIzaSyCCjh87vvASyDpEG0EHeFsG3oDA9V20wt0"
        }
      ],
      "services": {
        "appinvite_service": {
          "other_platform_oauth_client": [
            {
              "client_id": "1044698337508-898ej8nsnjv3gbslea0ikc8kbb71ufpc.apps.googleusercontent.com",
              "client_type": 3
            }
          ]
        }
      }
    }
  ],
  "configuration_version": "1"
}